{"cameraMode":{"drawMode":0,"name":"Shaded","section":"Shading Mode"},"sceneLighting":false,"audioPlay":false,"sceneViewState":{"m_AlwaysRefresh":false,"showFog":true,"showSkybox":false,"showFlares":true,"showImageEffects":true,"showParticleSystems":true,"showVisualEffectGraphs":true,"m_FxEnabled":true},"in2DMode":false,"pivot":{"x":14.889298439025879,"y":1.885371208190918,"z":10.414398193359375},"rotation":{"x":0.11556331813335419,"y":-0.6673767566680908,"z":0.10607362538576126,"w":0.7281566262245178},"size":0.8161126375198364,"orthographic":false}