{"cameraMode":{"drawMode":0,"name":"Shaded","section":"Shading Mode"},"sceneLighting":false,"audioPlay":false,"sceneViewState":{"m_AlwaysRefresh":false,"showFog":true,"showSkybox":false,"showFlares":true,"showImageEffects":true,"showParticleSystems":true,"showVisualEffectGraphs":true,"m_FxEnabled":true},"in2DMode":false,"pivot":{"x":509.0539245605469,"y":298.9187927246094,"z":-16.652820587158204},"rotation":{"x":0.037489451467990878,"y":-0.010492103174328804,"z":0.0003945085627492517,"w":0.9992431402206421},"size":390.1526794433594,"orthographic":false}