{"cameraMode":{"drawMode":0,"name":"Shaded","section":"Shading Mode"},"sceneLighting":true,"audioPlay":false,"sceneViewState":{"m_AlwaysRefresh":false,"showFog":true,"showSkybox":true,"showFlares":true,"showImageEffects":true,"showParticleSystems":true,"showVisualEffectGraphs":true,"m_FxEnabled":true},"in2DMode":false,"pivot":{"x":-17.01214599609375,"y":1.6070185899734498,"z":18.725801467895509},"rotation":{"x":0.11556331813335419,"y":-0.6673767566680908,"z":0.10607362538576126,"w":0.7281566262245178},"size":2.4613327980041506,"orthographic":false}