{"cameraMode":{"drawMode":0,"name":"Shaded","section":"Shading Mode"},"sceneLighting":true,"audioPlay":false,"sceneViewState":{"m_AlwaysRefresh":false,"showFog":true,"showSkybox":true,"showFlares":true,"showImageEffects":true,"showParticleSystems":true,"showVisualEffectGraphs":true,"m_FxEnabled":true},"in2DMode":false,"pivot":{"x":449.14398193359377,"y":301.8415832519531,"z":3.513946533203125},"rotation":{"x":-0.002997350413352251,"y":-0.041987475007772449,"z":-0.0001259628334082663,"w":0.9991136789321899},"size":306.28851318359377,"orthographic":true}