{"cameraMode":{"drawMode":0,"name":"Shaded","section":"Shading Mode"},"sceneLighting":false,"audioPlay":false,"sceneViewState":{"m_AlwaysRefresh":false,"showFog":true,"showSkybox":false,"showFlares":true,"showImageEffects":true,"showParticleSystems":true,"showVisualEffectGraphs":true,"m_FxEnabled":true},"in2DMode":false,"pivot":{"x":-0.46872520446777346,"y":1.9319193363189698,"z":1.209047555923462},"rotation":{"x":0.14780904352664948,"y":-0.7745780944824219,"z":0.5827510952949524,"w":0.19646042585372926},"size":2.9180281162261965,"orthographic":true}