{"cameraMode":{"drawMode":0,"name":"Shaded","section":"Shading Mode"},"sceneLighting":false,"audioPlay":false,"sceneViewState":{"m_AlwaysRefresh":false,"showFog":true,"showSkybox":false,"showFlares":true,"showImageEffects":true,"showParticleSystems":true,"showVisualEffectGraphs":true,"m_FxEnabled":true},"in2DMode":false,"pivot":{"x":-0.7391404509544373,"y":2.458707809448242,"z":1.1335984468460084},"rotation":{"x":0.061866890639066699,"y":-0.5625581741333008,"z":0.04227275401353836,"w":0.823354959487915},"size":3.8465309143066408,"orthographic":true}